Headline,Description,Last Updated,Category,Image URL,Article Link
N/A,N/A,N/A,N/A,N/A,https://www.bbc.com/
N/A,N/A,N/A,N/A,N/A,https://www.bbc.comN/A
N/A,N/A,N/A,N/A,N/A,https://www.bbc.comN/A
N/A,N/A,N/A,N/A,N/A,https://www.bbc.comN/A
N/A,N/A,N/A,N/A,N/A,https://www.bbc.comN/A
N/A,N/A,N/A,N/A,N/A,https://www.bbc.comN/A
N/A,N/A,N/A,N/A,N/A,https://www.bbc.comN/A
N/A,N/A,N/A,N/A,N/A,https://www.bbc.comN/A
N/A,N/A,N/A,N/A,N/A,https://www.bbc.comN/A
N/A,N/A,N/A,N/A,N/A,https://www.bbc.comN/A
N/A,N/A,N/A,N/A,N/A,https://www.bbc.comN/A
N/A,N/A,N/A,N/A,N/A,https://www.bbc.comN/A
N/A,N/A,N/A,N/A,N/A,https://www.bbc.comN/A
N/A,N/A,N/A,N/A,N/A,https://www.bbc.comN/A
N/A,N/A,N/A,N/A,N/A,https://www.bbc.comN/A
N/A,N/A,N/A,N/A,N/A,https://www.bbc.comN/A
N/A,N/A,N/A,N/A,N/A,https://www.bbc.comN/A
N/A,N/A,N/A,N/A,N/A,https://www.bbc.comN/A
N/A,N/A,N/A,N/A,N/A,https://www.bbc.comN/A
N/A,N/A,N/A,N/A,N/A,https://www.bbc.comN/A
N/A,N/A,N/A,N/A,N/A,https://www.bbc.comN/A
N/A,N/A,N/A,N/A,N/A,https://www.bbc.comN/A
N/A,N/A,N/A,N/A,N/A,https://www.bbc.comN/A
N/A,N/A,N/A,N/A,N/A,https://www.bbc.comN/A
N/A,N/A,N/A,N/A,N/A,https://www.bbc.comN/A
N/A,N/A,N/A,N/A,N/A,https://www.bbc.comN/A
N/A,N/A,N/A,N/A,N/A,https://www.bbc.com/
N/A,N/A,N/A,N/A,N/A,https://www.bbc.com/sport
N/A,N/A,N/A,N/A,N/A,https://www.bbc.com/video
Israel warns south Lebanese civilians not to go home as ceasefire with Hezbollah begins,"The ceasefire took effect from 04:00 local time (02:00 GMT) Wednesday, after fresh strikes on Lebanon's capital.",N/A,N/A,/bbcx/grey-placeholder.png,https://www.bbc.comN/A
Israel-Hezbollah ceasefire comes into effect,Attacks by both sides were recorded until shortly before fighting stopped at 04:00 local time (02:00 GMT).,37 mins ago,Middle East,/bbcx/grey-placeholder.png,https://www.bbc.com/news/articles/c0mze4pzdnlo
Watch: People in Israel and Lebanon react to ceasefire deal,People in Tel Aviv and Beirut shared feelings of relief and doubt as they reacted to the news.,4 hrs ago,Middle East,/bbcx/grey-placeholder.png,https://www.bbc.com/news/videos/c2k0ezg2p3go
What we know about Israel-Hezbollah ceasefire deal,Israel will have 60 days to withdraw from Lebanon while Hezbollah must move north of the Litani river.,7 hrs ago,Middle East,/bbcx/grey-placeholder.png,https://www.bbc.com/news/articles/cx2d3gj9ewxo
Israeli anger at 'irresponsible and hasty' ceasefire,Many displaced residents of northern Israel feel unease and mistrust over their PM's deal with Lebanon.,9 hrs ago,Middle East,/bbcx/grey-placeholder.png,https://www.bbc.com/news/articles/cj3m4n4lmrko
Questions over Hezbollah's future after ceasefire,"Israel hit Lebanon's capital with its most intense bombardment of the conflict, hours before striking a deal to end the fighting.",7 hrs ago,Middle East,/bbcx/grey-placeholder.png,https://www.bbc.com/news/articles/ce89r02w1z1o
Five survivors found day after Red Sea tourist boat sinking,Seven passengers remain unaccounted for after the boat left the Egyptian port of Marsa Alam on Monday.,13 hrs ago,World,/bbcx/grey-placeholder.png,https://www.bbc.com/news/articles/c1knxd24v8xo
Families of Australians killed in Laos call for answers,Eight people have been detained after a suspected methanol poisoning left six foreign tourists dead.,4 hrs ago,World,/bbcx/grey-placeholder.png,https://www.bbc.com/news/articles/c7v3p7qm1dmo
Key Russian air defence system hit in Ukraine Atacms strike,"In a rare admission, Russia's defence ministry says its equivalent of the US Patriot system was damaged.",12 hrs ago,Europe,/bbcx/grey-placeholder.png,https://www.bbc.com/news/articles/cr4ly626evlo
"'No-one will win' - Canada, Mexico and China respond to Trump tariff threats","Mexico said it would slap tit-for-tat tariffs on the US, while China said Trump's finger-pointing ""runs completely counter to facts"".",3 hrs ago,US & Canada,N/A,https://www.bbc.com/news/articles/cj6kj2752jlo
No 10 dismisses Russia spy claims as 'baseless',The Russian foreign ministry says it has also summoned the British ambassador.,12 hrs ago,Europe,N/A,https://www.bbc.com/news/articles/c98dzyg8y3ro
Families of Australians killed in Laos call for answers,Eight people have been detained after a suspected methanol poisoning left six foreign tourists dead.,4 hrs ago,World,/bbcx/grey-placeholder.png,https://www.bbc.com/news/articles/c7v3p7qm1dmo
Imran Khan supporters pushed back by security forces,The jailed former leader is calling on the protesters to stay in Islamabad until their demands are met.,14 hrs ago,Asia,/bbcx/grey-placeholder.png,https://www.bbc.com/news/articles/cg7gklm0r04o
Officer who Tasered 95-year-old guilty of manslaughter,"Clare Nowland, who had symptoms of dementia, died of her injuries a week after being Tasered in Australia.",1 hr ago,Australia,/bbcx/grey-placeholder.png,https://www.bbc.com/news/articles/c5yp7g9r8j5o
Why India's latest Sun mission finding is crucial for the world,Indian scientists have reported Aditya-L1's “first significant result”. What is it and why is it significant?,6 hrs ago,Asia,/bbcx/grey-placeholder.png,https://www.bbc.com/news/articles/c0qdy5dg7v7o
Key Russian air defence system hit in Ukraine Atacms strike,"In a rare admission, Russia's defence ministry says its equivalent of the US Patriot system was damaged.",12 hrs ago,Europe,/bbcx/grey-placeholder.png,https://www.bbc.com/news/articles/cr4ly626evlo
Judge rejects effort to stop transgender college volleyball player competing,N/A,7 hrs ago,US & Canada,N/A,https://www.bbc.com/news/articles/cvgxjmnnxwno
Aston Martin issues second profit warning in two months,N/A,46 mins ago,Asia,N/A,https://www.bbc.com/news/articles/c98dze04eyyo
Trump picks Covid lockdown critic to lead top health agency,N/A,4 hrs ago,US & Canada,N/A,https://www.bbc.com/news/articles/cvg4yxmmg1zo
World's oldest man dies aged 112,N/A,17 hrs ago,Liverpool,N/A,https://www.bbc.com/news/articles/crk43k54mk0o
Special counsel's last criminal case against Trump dismissed,N/A,6 hrs ago,US & Canada,N/A,https://www.bbc.com/news/articles/c4gvd7kxxj5o
Trump proves he is serious on tariffs - but it's not about trade,"The US president-elect is using tariffs as a weapon of diplomacy, even coercion, says BBC economics editor Faisal Islam.",13 hrs ago,Business,/bbcx/grey-placeholder.png,https://www.bbc.com/news/articles/c0k808xdp18o
Is Namibia going to elect its first female leader?,Netumbo Nandi-Ndaitwah is the candidate for the dominant Swapo party but its popularity has waned.,1 day ago,Africa,/bbcx/grey-placeholder.png,https://www.bbc.com/news/articles/cwy5z9enx0do
Celebrating the king banished by the British,Ghana marks 100 years since the return of a monarch exiled in Seychelles during the colonial era.,6 hrs ago,Africa,/bbcx/grey-placeholder.png,https://www.bbc.com/news/articles/cvgxj343elmo
"The 13-year-old Indian cricketer who won a $130,500 IPL deal",Vaibhav Suryavanshi is the youngest player to get a deal in the world's richest cricket competition.,21 hrs ago,Asia,N/A,https://www.bbc.com/news/articles/c2067q7k613o
'Like a golden ticket' - Menendez brothers case sparks frenzy in LA,"There were just 16 seats to watch Monday's virtual court appearance by the pair, who killed their parents in 1989.",1 day ago,US & Canada,N/A,https://www.bbc.com/news/articles/cdxy5d2q4y4o
Is Namibia going to elect its first female leader?,Netumbo Nandi-Ndaitwah is the candidate for the dominant Swapo party but its popularity has waned.,1 day ago,Africa,/bbcx/grey-placeholder.png,https://www.bbc.com/news/articles/cwy5z9enx0do
'Don't drink the spirits': Laos backpackers avoid shots after suspected poisonings,The deaths of six tourists sent shock waves through the backpacker scene in Vang Vieng.,2 days ago,Asia,/bbcx/grey-placeholder.png,https://www.bbc.com/news/articles/c624kd71dj3o
Russian deserter reveals war secrets of guarding nuclear base,"A combat alert was in place on the day Russia invaded Ukraine, he tells the BBC.",1 day ago,Europe,/bbcx/grey-placeholder.png,https://www.bbc.com/news/articles/c9dl2pv0yj0o
Celebrating the king banished by the British,Ghana marks 100 years since the return of a monarch exiled in Seychelles during the colonial era.,6 hrs ago,Africa,/bbcx/grey-placeholder.png,https://www.bbc.com/news/articles/cvgxj343elmo
Watch: People in Israel and Lebanon react to ceasefire deal,N/A,N/A,N/A,N/A,https://www.bbc.com/news/videos/c2k0ezg2p3go
Biden confirms 'good news' of Israel-Hezbollah ceasefire deal,N/A,N/A,N/A,N/A,https://www.bbc.com/news/videos/c33exz86z03o
Watch: Netanyahu explains why Israel agreed ceasefire deal,N/A,N/A,N/A,N/A,https://www.bbc.com/news/videos/cgl4wy7lyzyo
US travellers pack airports ahead of Thanksgiving holiday,N/A,N/A,N/A,N/A,https://www.bbc.com/news/videos/c629ygl12wgo
First Lady receives White House Christmas tree,N/A,N/A,N/A,N/A,https://www.bbc.com/news/videos/c78d3ye7zgzo
KSI and IShowSpeed team up with soccer stars for Baller League launch,Social media has been abuzz with talk of a new football league over the past 24 hours.,15 hrs ago,Football,/bbcx/grey-placeholder.png,https://www.bbc.com/sport/football/articles/c3rx5ll9y3zo
Husband of Indian woman murdered in UK was arrested before,The IOPC is examining how Northamptonshire Police responded to concerns raised by Ms Brella in August.,16 hrs ago,Northamptonshire,/bbcx/grey-placeholder.png,https://www.bbc.com/news/articles/cwyg7g94wd9o
Rod Stewart to play Glastonbury's legends slot,"The Scottish rock star will follow in the footsteps of Kylie Minogue, Dolly Parton and Shania Twain.",22 hrs ago,Somerset,/bbcx/grey-placeholder.png,https://www.bbc.com/news/articles/cwy1zv753v2o
MrBeast says game show allegations 'blown out of proportion',Beast Games is set to stream next month amid allegations contestants were mistreated on set.,19 hrs ago,Newsbeat,N/A,https://www.bbc.com/news/articles/c5yxnddeyl0o
Russia confirms capture of British man accused of fighting for Ukraine,"James Scott Rhys Anderson is held in custody for taking part ""in armed hostilities"".",17 hrs ago,Europe,N/A,https://www.bbc.com/news/articles/cnvj0yjqd3go
Husband of Indian woman murdered in UK was arrested before,The IOPC is examining how Northamptonshire Police responded to concerns raised by Ms Brella in August.,16 hrs ago,Northamptonshire,/bbcx/grey-placeholder.png,https://www.bbc.com/news/articles/cwyg7g94wd9o
Drake takes legal action over Kendrick Lamar’s Not Like Us,"Rapper says Universal Music conspired to boost popularity of Lamar’s diss track, which label denies.",15 hrs ago,Culture,/bbcx/grey-placeholder.png,https://www.bbc.com/news/articles/cje08q8qnzqo
LinkedIn: We're too boring for kids for social media ban,It is one of a number of tech firms pushing back against Australia's plan to ban social media for under-16s.,17 hrs ago,Technology,/bbcx/grey-placeholder.png,https://www.bbc.com/news/articles/cx2dz2z72y8o
Rod Stewart to play Glastonbury's legends slot,"The Scottish rock star will follow in the footsteps of Kylie Minogue, Dolly Parton and Shania Twain.",22 hrs ago,Somerset,/bbcx/grey-placeholder.png,https://www.bbc.com/news/articles/cwy1zv753v2o
Officer who Tasered 95-year-old guilty of manslaughter,N/A,N/A,N/A,N/A,https://www.bbc.com/news/articles/c5yp7g9r8j5o
Key Russian air defence system hit in Ukraine Atacms strike,N/A,N/A,N/A,N/A,https://www.bbc.com/news/articles/cr4ly626evlo
Why India's latest Sun mission finding is crucial for the world,N/A,N/A,N/A,N/A,https://www.bbc.com/news/articles/c0qdy5dg7v7o
Israeli anger at 'irresponsible and hasty' ceasefire,N/A,N/A,N/A,N/A,https://www.bbc.com/news/articles/cj3m4n4lmrko
What we know about Israel-Hezbollah ceasefire deal,N/A,N/A,N/A,N/A,https://www.bbc.com/news/articles/cx2d3gj9ewxo
Families of Australians killed in Laos call for answers,N/A,N/A,N/A,N/A,https://www.bbc.com/news/articles/c7v3p7qm1dmo
Questions over Hezbollah's future after ceasefire,N/A,N/A,N/A,N/A,https://www.bbc.com/news/articles/ce89r02w1z1o
Dad of missing Hannah Kobayashi found dead in LA,N/A,N/A,N/A,N/A,https://www.bbc.com/news/articles/ckgvxyrj8k5o
Five survivors found day after Red Sea tourist boat sinking,N/A,N/A,N/A,N/A,https://www.bbc.com/news/articles/c1knxd24v8xo
Mother of child hidden in drawer from birth jailed,N/A,N/A,N/A,N/A,https://www.bbc.com/news/articles/c4gz1dv8ly2o
"'Fragile, frail & weak' - Man City's defensive woes continue","Pep Guardiola says his Man City side are ""fragile"", while they are also labelled ""weak"" and ""frail"" after surrendering a 3-0 Champions League lead against Feyenoord at Etihad Stadium.",6 hrs ago,Man City,/bbcx/grey-placeholder.png,https://www.bbc.com/sport/football/articles/c1e7x69eew5o
'Where we belong' - Saka stars as Arsenal thrash Sporting,Arsenal get back to winning ways in the Champions League with a commanding victory over Sporting at Estadio Jose Alvalade.,N/A,N/A,/bbcx/grey-placeholder.png,https://www.bbc.comN/A
Inter Milan go top with narrow win over RB Leipzig,Inter Milan win their fourth Champions League game in a row with a narrow victory over winless RB Leipzig.,N/A,N/A,/bbcx/grey-placeholder.png,https://www.bbc.comN/A
Lewandowski nets 100th Champions League goal in Barca win,Robert Lewandowski becomes the third player to score 100 Champions League goals as Barcelona overcome Brest in a dominant display.,N/A,N/A,N/A,https://www.bbc.comN/A
Hill's traffic ticket dropped after police detainment,Miami Dolphins star Tyreek Hill had his case dismissed after the officer failed to show in court.,7 hrs ago,US & Canada,N/A,https://www.bbc.com/news/articles/c4gz14q32gxo
'Where we belong' - Saka stars as Arsenal thrash Sporting,Arsenal get back to winning ways in the Champions League with a commanding victory over Sporting at Estadio Jose Alvalade.,N/A,N/A,/bbcx/grey-placeholder.png,https://www.bbc.comN/A
'We know what we're doing' - Stokes on Bethell,"England captain Ben Stokes says he understands if the decision to bat Jacob Bethell at number three ""does raise a few eyebrows"", but insists ""we're not picking people just to wind people up"".",12 hrs ago,Cricket,/bbcx/grey-placeholder.png,https://www.bbc.com/sport/cricket/articles/cp8x00d75vdo
'Ruined himself' - the startling decline of Labuschagne,"After Marnus Labuschagne's failures in the first Test with India, BBC Sport examines his slump and the issues with Australia's other batters.",17 hrs ago,Cricket,/bbcx/grey-placeholder.png,https://www.bbc.com/sport/cricket/articles/cvg0yv23w9vo
Inter Milan go top with narrow win over RB Leipzig,Inter Milan win their fourth Champions League game in a row with a narrow victory over winless RB Leipzig.,N/A,N/A,/bbcx/grey-placeholder.png,https://www.bbc.comN/A
N/A,N/A,N/A,N/A,N/A,https://www.bbc.com/
N/A,N/A,N/A,N/A,N/A,https://www.bbc.comN/A
N/A,N/A,N/A,N/A,N/A,https://www.bbc.com/news
N/A,N/A,N/A,N/A,N/A,https://www.bbc.com/sport
N/A,N/A,N/A,N/A,N/A,https://www.bbc.com/business
N/A,N/A,N/A,N/A,N/A,https://www.bbc.com/innovation
N/A,N/A,N/A,N/A,N/A,https://www.bbc.com/culture
N/A,N/A,N/A,N/A,N/A,https://www.bbc.com/arts
N/A,N/A,N/A,N/A,N/A,https://www.bbc.com/travel
N/A,N/A,N/A,N/A,N/A,https://www.bbc.com/future-planet
N/A,N/A,N/A,N/A,N/A,https://www.bbc.com/video
N/A,N/A,N/A,N/A,N/A,https://www.bbc.com/live
N/A,N/A,N/A,N/A,N/A,https://www.bbc.comN/A
N/A,N/A,N/A,N/A,N/A,https://www.bbc.comN/A
N/A,N/A,N/A,N/A,N/A,https://www.bbc.comN/A
N/A,N/A,N/A,N/A,N/A,https://www.bbc.comN/A
N/A,N/A,N/A,N/A,N/A,https://www.bbc.comN/A
N/A,N/A,N/A,N/A,N/A,https://www.bbc.comN/A
N/A,N/A,N/A,N/A,N/A,https://www.bbc.comN/A
N/A,N/A,N/A,N/A,N/A,https://www.bbc.comN/A
N/A,N/A,N/A,N/A,N/A,https://www.bbc.comN/A
N/A,N/A,N/A,N/A,N/A,https://www.bbc.comN/A
N/A,N/A,N/A,N/A,N/A,https://www.bbc.comN/A
N/A,N/A,N/A,N/A,N/A,https://www.bbc.comN/A
